Project Name,Package Name,Type Name,MethodName,LOC,CC,PC
Project Name,Package Name,Type Name,MethodName,LOC,CC,PC
Project Name,Package Name,Type Name,MethodName,LOC,CC,PC
Project Name,Package Name,Type Name,MethodName,LOC,CC,PC
Project Name,Package Name,Type Name,MethodName,LOC,CC,PC
Project Name,Package Name,Type Name,MethodName,LOC,CC,PC
Project Name,Package Name,Type Name,MethodName,LOC,CC,PC
Project Name,Package Name,Type Name,MethodName,LOC,CC,PC
Project Name,Package Name,Type Name,MethodName,LOC,CC,PC
Project Name,Package Name,Type Name,MethodName,LOC,CC,PC
Project Name,Package Name,Type Name,MethodName,LOC,CC,PC
Project Name,Package Name,Type Name,MethodName,LOC,CC,PC
Project Name,Package Name,Type Name,MethodName,LOC,CC,PC
Project Name,Package Name,Type Name,MethodName,LOC,CC,PC
Project Name,Package Name,Type Name,MethodName,LOC,CC,PC
Project Name,Package Name,Type Name,MethodName,LOC,CC,PC
Project Name,Package Name,Type Name,MethodName,LOC,CC,PC
Project Name,Package Name,Type Name,MethodName,LOC,CC,PC
Project Name,Package Name,Type Name,MethodName,LOC,CC,PC
Project Name,Package Name,Type Name,MethodName,LOC,CC,PC
Project Name,Package Name,Type Name,MethodName,LOC,CC,PC
Project Name,Package Name,Type Name,MethodName,LOC,CC,PC
Project Name,Package Name,Type Name,MethodName,LOC,CC,PC
Project Name,Package Name,Type Name,MethodName,LOC,CC,PC
Project Name,Package Name,Type Name,MethodName,LOC,CC,PC
Project Name,Package Name,Type Name,MethodName,LOC,CC,PC
Project Name,Package Name,Type Name,MethodName,LOC,CC,PC
Project Name,Package Name,Type Name,MethodName,LOC,CC,PC
Project Name,Package Name,Type Name,MethodName,LOC,CC,PC
Project Name,Package Name,Type Name,MethodName,LOC,CC,PC
Project Name,Package Name,Type Name,MethodName,LOC,CC,PC
Project Name,Package Name,Type Name,MethodName,LOC,CC,PC
Project Name,Package Name,Type Name,MethodName,LOC,CC,PC
Project Name,Package Name,Type Name,MethodName,LOC,CC,PC
Project Name,Package Name,Type Name,MethodName,LOC,CC,PC
Project Name,Package Name,Type Name,MethodName,LOC,CC,PC
Project Name,Package Name,Type Name,MethodName,LOC,CC,PC
Project Name,Package Name,Type Name,MethodName,LOC,CC,PC
